,precision,recall,f1-score,support
0,0.9748313440581214,0.9406609914872308,0.9574413863404688,3994.0
1,0.9436653197052531,0.9761494959429555,0.9596325839980662,4067.0
accuracy,0.9585659347475499,0.9585659347475499,0.9585659347475499,0.9585659347475499
macro avg,0.9592483318816873,0.9584052437150932,0.9585369851692676,8061.0
weighted avg,0.9591072129276023,0.9585659347475499,0.9585469068557211,8061.0
