,precision,recall,f1-score,support
0,0.965588084232152,0.9557702084392475,0.9606540623403167,3934.0
1,0.9582433405327574,0.9675308941119457,0.9628647214854111,4127.0
accuracy,0.9617913410246868,0.9617913410246868,0.9617913410246868,0.9617913410246868
macro avg,0.9619157123824547,0.9616505512755966,0.961759391912864,8061.0
weighted avg,0.9618277868438128,0.9617913410246868,0.9617858561986227,8061.0
