,precision,recall,f1-score,support
0,0.9279379157427938,0.9207920792079208,0.9243511871893981,909.0
1,0.9228295819935691,0.9298056155507559,0.9263044647660031,926.0
accuracy,0.9253405994550409,0.9253405994550409,0.9253405994550409,0.9253405994550409
macro avg,0.9253837488681815,0.9252988473793384,0.9253278259777007,1835.0
weighted avg,0.9253600862867819,0.9253405994550409,0.9253368738574832,1835.0
